<?xml version="1.0" encoding="UTF-8"?>
<project-private xmlns="http://www.netbeans.org/ns/project-private/1">
    <editor-bookmarks xmlns="http://www.netbeans.org/ns/editor-bookmarks/2" lastBookmarkId="0"/>
    <open-files xmlns="http://www.netbeans.org/ns/projectui-open-files/2">
        <group>
            <file>file:/C:/Users/Best%20Technology/OneDrive/Documents/NetBeansProjects/TICT_AC_TOE/src/tict_ac_toe/PlayJframe.java</file>
            <file>file:/C:/Users/Best%20Technology/OneDrive/Documents/NetBeansProjects/TICT_AC_TOE/src/tict_ac_toe/TicTacToe.java</file>
            <file>file:/C:/Users/Best%20Technology/OneDrive/Documents/NetBeansProjects/TICT_AC_TOE/src/tict_ac_toe/Sounds.java</file>
            <file>file:/C:/Users/Best%20Technology/OneDrive/Documents/NetBeansProjects/TICT_AC_TOE/src/tict_ac_toe/Game.java</file>
        </group>
    </open-files>
</project-private>
